experiment_id,bit_width,group_size,mean_perplexity,mean_rmse_key,mean_rmse_value,fqa_accuracy,oosqa_accuracy,crqa_accuracy,zero_shot_accuracy
0,2.0,128.0,12.394447648006937,1.290119432884714,0.2104622316749199,0.0625,0.0,0.0,0.0217391304347826
1,,,12.39464551469554,0.0,0.0,0.3125,0.6666666666666666,0.8,0.5869565217391305
2,2.5,128.0,12.918816400610885,1.2387641383254009,0.1932091823090677,0.0,0.0666666666666666,0.0,0.0217391304347826
3,3.0,128.0,12.946278406226117,0.8144441117411074,0.13242214140684705,0.0625,0.06666666666666667,0.26666666666666666,0.13043478260869565
